[
  {
    "link": "https://chat.whatsapp.com/GAx5tR5L19O7Zh4hvdtCWL",
    "id": "120363421150849504@g.us",
    "name": "JUAL BELI AKUN EFB|||UTD STURRRR",
    "memberCount": 577,
    "creator": "",
    "sharedBy": "+76974907224176"
  },
  {
    "link": "https://chat.whatsapp.com/BvNevjOd5AHKJnDMbHauMB",
    "id": "120363404801378274@g.us",
    "name": "JB ALL GAME||UTD STURR",
    "memberCount": 42,
    "creator": "",
    "sharedBy": "+76974907224176"
  },
  {
    "link": "https://chat.whatsapp.com/HjiKRHzO4a5GkHjS1hj4Al",
    "id": "120363372322737605@g.us",
    "name": "JB EFB¹ | DIKA PESSTORE🇮🇩🇲🇾",
    "memberCount": 645,
    "creator": "",
    "sharedBy": "+147017418416337"
  },
  {
    "link": "https://chat.whatsapp.com/IVnHrA2VZ39FWBTf1BMDfX",
    "id": "120363420670548816@g.us",
    "name": "JB EFOOTBALL² | EVUSTORE",
    "memberCount": 941,
    "creator": "",
    "sharedBy": "+111699952726258"
  },
  {
    "link": "https://chat.whatsapp.com/CgLLRStNjt8C7VwGa0BLtL",
    "id": "120363388590087952@g.us",
    "name": "𝙹𝚋 𝚘𝚙𝚋𝚛 / 𝚊𝚕𝚕𝚐𝚊𝚗𝚎 𝚟𝚒𝚗𝚗",
    "memberCount": 581,
    "creator": "",
    "sharedBy": "+50500980445257"
  },
  {
    "link": "https://chat.whatsapp.com/LIsOexQ5yFHGdJPwDbMtC2",
    "id": "120363420034990963@g.us",
    "name": "JB EFOOTBALL³ ||EVUSTORE",
    "memberCount": 596,
    "creator": "",
    "sharedBy": "+111699952726258"
  },
  {
    "link": "https://chat.whatsapp.com/KMgI3IZVMpx4vpxcvyCG2o",
    "id": "120363421026796995@g.us",
    "name": "JB EFOOTBALL⁴ | EVUSTORE",
    "memberCount": 99,
    "creator": "",
    "sharedBy": "+111699952726258"
  },
  {
    "link": "https://chat.whatsapp.com/DRTB8MzddXpJZs22nfpeyj",
    "id": "120363422531353578@g.us",
    "name": "Joaonitto Greengore",
    "memberCount": 35,
    "creator": "",
    "sharedBy": "+207451819397214"
  },
  {
    "link": "https://chat.whatsapp.com/FUPGLfDXo277wgsGfnn7y4",
    "id": "120363040432194851@g.us",
    "name": "𝙈𝘼𝙍𝙆𝙀𝙏 𝙀𝙁𝘽¹ || MSN 𝐒𝐓𝐎𝐑𝐄|🇮🇩🇲🇾",
    "memberCount": 966,
    "creator": "",
    "sharedBy": "+42954622263488"
  },
  {
    "link": "https://chat.whatsapp.com/GZH1k2tlzqcBt13jzW4JvI",
    "id": "120363111354418092@g.us",
    "name": "JB || ALL GAME ERSEVEN⁷ #2",
    "memberCount": 727,
    "creator": "",
    "sharedBy": "-"
  },
  {
    "link": "https://chat.whatsapp.com/KOjtgW9FYZM37NvZRMRLdY",
    "id": "120363419160055873@g.us",
    "name": "JB||BONIEE STORE 1",
    "memberCount": 402,
    "creator": "",
    "sharedBy": "+95885816004720"
  },
  {
    "link": "https://chat.whatsapp.com/G0XM4IejUEmCGKsEOWQdUt",
    "id": "120363403561656975@g.us",
    "name": "tׁׅꫀׁׅܻ݊݊ꪀᧁׁƙׁׅυׁׅ ᨰׁׅɑׁׅ݊ꪀ᥊ׁׅ ☬",
    "memberCount": 48,
    "creator": "",
    "sharedBy": "+90885954003069"
  },
  {
    "link": "https://chat.whatsapp.com/HHhGwJYrevg4mzohXsh0R8",
    "id": "120363415084541607@g.us",
    "name": "𝙈𝘼𝙍𝙆𝙀𝙏¹ 𝙀-𝙁𝙊𝙏𝘽𝙊𝘼𝙇 | 𝙁𝙀𝘽𝙕𝙕STR🇮🇩🇲🇾",
    "memberCount": 436,
    "creator": "",
    "sharedBy": "+66194656780370"
  },
  {
    "link": "https://chat.whatsapp.com/LHxM4LAQKLeLMRn2OWjhbb",
    "id": "120363421553047579@g.us",
    "name": "𝙈𝘼𝙍𝙆𝙀𝙏² 𝙀-𝙁𝙊𝙏𝘽𝙊𝘼𝙇 | 𝙁𝙀𝘽𝙕𝙕🇮🇩🇲🇾",
    "memberCount": 19,
    "creator": "",
    "sharedBy": "+66194656780370"
  },
  {
    "link": "https://chat.whatsapp.com/Lvr5dvXqUqaDsdx0HPYXiH",
    "id": "120363402507244214@g.us",
    "name": "JB [ALL GAME  BY ZARKA]",
    "memberCount": 370,
    "creator": "",
    "sharedBy": "+233414779269177"
  },
  {
    "link": "https://chat.whatsapp.com/Eo2s5OPk74HALOtdiweL7J",
    "id": "120363106358989198@g.us",
    "name": "MARKET EFOOTBALL¹ || GRIZLY STORE 🇮🇩",
    "memberCount": 699,
    "creator": "",
    "sharedBy": "+191242663120909"
  },
  {
    "link": "https://chat.whatsapp.com/J0JscCEUiIBEDGJE7FBmG9",
    "id": "120363419615998319@g.us",
    "name": "MARKET EFOOTBALL² || GRIZLY STORE 🇮🇩",
    "memberCount": 132,
    "creator": "",
    "sharedBy": "+191242663120909"
  },
  {
    "link": "https://chat.whatsapp.com/By9KHmI063641EAeye3AOd",
    "id": "120363420871514450@g.us",
    "name": "𝐋𝐀𝐏𝐀𝐊 𝐉𝐔𝐁𝐄𝐋 𝐄𝐅𝐎𝐎𝐓𝐁𝐀𝐋𝐋 𝐋𝐄𝐆𝐎𝐎¹ 🇮🇩🇲🇾",
    "memberCount": 405,
    "creator": "",
    "sharedBy": "+248271205343249"
  },
  {
    "link": "https://chat.whatsapp.com/KlpPz9KzBzSIMKSn522Er0",
    "id": "120363421668775605@g.us",
    "name": "۫ ֵ예쁜 ꭑᩚᧉׅꤠׅⲅყ`᥍ ۪ 🩰 ׅ",
    "memberCount": 162,
    "creator": "",
    "sharedBy": "+12584791048192"
  },
  {
    "link": "https://chat.whatsapp.com/FePl4bR2q969yS0uAl1fF9",
    "id": "120363392304289316@g.us",
    "name": "🔰JB | | ALL GAME Arzyy🔰",
    "memberCount": 581,
    "creator": "",
    "sharedBy": "+171245312168163"
  },
  {
    "link": "https://chat.whatsapp.com/DPM6oQeTJqD1i0mL9Fnpif",
    "id": "120363395154849956@g.us",
    "name": "JB EFB¹ || FINZYX STORE🇮🇩🇲🇾",
    "memberCount": 198,
    "creator": "",
    "sharedBy": "+87347135820016"
  },
  {
    "link": "https://chat.whatsapp.com/IJrpjfmMl7h6I2GUX8SGdk",
    "id": "120363336195063201@g.us",
    "name": "JB ALL GAME ROBLOX BY RIMURU (女子)",
    "memberCount": 164,
    "creator": "",
    "sharedBy": "-"
  },
  {
    "link": "https://chat.whatsapp.com/Hdwm0lUUadFB9uNsTLbzDu",
    "id": "120363418438837687@g.us",
    "name": "JB STK BY RIMURU (女子)",
    "memberCount": 34,
    "creator": "",
    "sharedBy": "+175381264994485"
  },
  {
    "link": "https://chat.whatsapp.com/GK2hDLCIX9MEDD8jEdSKiV",
    "id": "120363421887440443@g.us",
    "name": "JB PVB/FISH BY RIMURU (女子)",
    "memberCount": 7,
    "creator": "",
    "sharedBy": "-"
  },
  {
    "link": "https://chat.whatsapp.com/BXQFSg6coLHF1budJAd9xM",
    "id": "120363418203083244@g.us",
    "name": "MARKET¹ EFB || XALVIOSTORE🇲🇨🇲🇾",
    "memberCount": 163,
    "creator": "",
    "sharedBy": "+86037456023571"
  },
  {
    "link": "https://chat.whatsapp.com/G35p313tafII62uxvGROsl",
    "id": "120363404994479588@g.us",
    "name": "JB ROBLOX GAGxSAB // DIRA¹",
    "memberCount": 12,
    "creator": "",
    "sharedBy": "+232792159985715"
  },
  {
    "link": "https://chat.whatsapp.com/F3EuqeEFsPXJBNc4AxA8pb",
    "id": "120363043686328631@g.us",
    "name": "grow a garden/plant vs brainot/sab/ff",
    "memberCount": 77,
    "creator": "",
    "sharedBy": "+232792159985715"
  },
  {
    "link": "https://chat.whatsapp.com/GqQP5FNAgzjCmZWQ6kEV0A",
    "id": "120363420539418770@g.us",
    "name": "warung jpm + stok jio",
    "memberCount": 339,
    "creator": "",
    "sharedBy": "+232792159985715"
  },
  {
    "link": "https://chat.whatsapp.com/DlqFRar4kkN83VipNnjYhi",
    "id": "120363404191628642@g.us",
    "name": "JB ALL GAME BY KENZO STORE ",
    "memberCount": 7,
    "creator": "",
    "sharedBy": "+242090814484715"
  },
  {
    "link": "https://chat.whatsapp.com/EZYtmOeyeaQ33QgBlf3vtZ",
    "id": "120363419804834496@g.us",
    "name": "Jb All Game || Axel",
    "memberCount": 126,
    "creator": "",
    "sharedBy": "+76901959864439"
  },
  {
    "link": "https://chat.whatsapp.com/FJ1RHlj4ZuNFDzqzOxMPW3",
    "id": "120363421032054369@g.us",
    "name": "GRUB NISA|2😼",
    "memberCount": 638,
    "creator": "",
    "sharedBy": "-"
  },
  {
    "link": "https://chat.whatsapp.com/J6BQiA9dNON6oez7EKrAMq",
    "id": "120363406409408167@g.us",
    "name": "Warung Pard]100 MEM G.A MIMIC DI JAMIN AMANAH 💯💯💯",
    "memberCount": 71,
    "creator": "",
    "sharedBy": "-"
  },
  {
    "link": "https://chat.whatsapp.com/GfZxtpJGlJ3GPvUj6nAmey",
    "id": "120363422737254696@g.us",
    "name": "*JB || PVB N SAB|| BY Saint*🥷🏿💫🧠",
    "memberCount": 453,
    "creator": "",
    "sharedBy": "-"
  },
  {
    "link": "https://chat.whatsapp.com/BLWBSHx6mtGILrGLoL1e7h",
    "id": "120363316831448607@g.us",
    "name": "BLITZS || MARKET OPBR V1",
    "memberCount": 533,
    "creator": "",
    "sharedBy": "+94828650082456"
  },
  {
    "link": "https://chat.whatsapp.com/C7Fl06PR6A0DKRbuwz0E3H",
    "id": "120363421283628810@g.us",
    "name": "ׅ ᨎ ׂ 𝓢hɩ๋n𐑩ֹɩ๋n 𝓕𐐼𐑩ֹꭑׅ ۪ ⛩️ ᛃ  ׅ",
    "memberCount": 20,
    "creator": "",
    "sharedBy": "-"
  },
  {
    "link": "https://chat.whatsapp.com/IyDUU4sC4Rz0sDUZbmn8Yo",
    "id": "120363420288184107@g.us",
    "name": "MARKET EFOOTBALL⚽|| MINEKENNN🇮🇩🇲🇾",
    "memberCount": 425,
    "creator": "",
    "sharedBy": "+107512258887728"
  },
  {
    "link": "https://chat.whatsapp.com/BCi0UKtLkWOLx2u56iBKHw",
    "id": "120363419822890635@g.us",
    "name": "MARKET ROBLOX BYDIKZSTORE💸",
    "memberCount": 71,
    "creator": "",
    "sharedBy": "-"
  },
  {
    "link": "https://chat.whatsapp.com/GfwGUrBLjx3E4iRYF7UMuj",
    "id": "120363415480348635@g.us",
    "name": "MARKET EFOOTBALL⚽|| MINEKENNN² 🇮🇩🇲🇾",
    "memberCount": 55,
    "creator": "",
    "sharedBy": "+107512258887728"
  },
  {
    "link": "https://chat.whatsapp.com/E6BF8UnEa9yBLuMg2GwlVJ",
    "id": "120363419636952407@g.us",
    "name": "sewa bot by muhamz",
    "memberCount": 11,
    "creator": "",
    "sharedBy": "-"
  },
  {
    "link": "https://chat.whatsapp.com/IH1f3JYVh5J36HL9e8c7q9",
    "id": "120363402121208716@g.us",
    "name": "JB || ALL GAME ROBLOX || FALZ¹🍃",
    "memberCount": 437,
    "creator": "",
    "sharedBy": "-"
  },
  {
    "link": "https://chat.whatsapp.com/CF2GjU0XcmCImwdbQMYRsV",
    "id": "120363418273006470@g.us",
    "name": "STOK || ZAAPUTTSTORE X OWN X PT¹",
    "memberCount": 812,
    "creator": "",
    "sharedBy": "-"
  },
  {
    "link": "https://chat.whatsapp.com/Fu71h8dKXoYL6aXoamomEg",
    "id": "120363394564820649@g.us",
    "name": "🎮𝗝𝗯¹ 𝗙𝗰𝗺 | 𝗗𝗮𝗺𝘇𝘇 𝗦𝘁𝗼𝗿𝗲⁰⁸🛍️",
    "memberCount": 504,
    "creator": "",
    "sharedBy": "+51501556846714"
  },
  {
    "link": "https://chat.whatsapp.com/FHC7AKrKn3VGkJpvBkiXXI",
    "id": "120363404557644553@g.us",
    "name": "🎮𝗝𝗯² 𝗙𝗰𝗺 | 𝗗𝗮𝗺𝘇𝘇 𝗦𝘁𝗼𝗿𝗲⁰⁸🛍️",
    "memberCount": 31,
    "creator": "",
    "sharedBy": "+51501556846714"
  },
  {
    "link": "https://chat.whatsapp.com/EaQwg3j3deKFQMPwEIKGpS",
    "id": "120363419340948371@g.us",
    "name": "𝐌𝐀𝐑𝐊𝐄𝐓 𝐄𝐅𝐁¹ || 𝐕𝐄𝐗𝐗 𝐏𝐄𝐒",
    "memberCount": 33,
    "creator": "",
    "sharedBy": "+127745849852154"
  },
  {
    "link": "https://chat.whatsapp.com/KgXc4umkwL25ZyfXQVCXny",
    "id": "120363420878244361@g.us",
    "name": "·˚ ༘ ♡°.`\\\\𝓡𝓐𝓨𝓩𝓩  f̷t̷ 𝓔𝓛𝓥𝓘𝓔 //`.°♡༘˚·",
    "memberCount": 131,
    "creator": "",
    "sharedBy": "+151926498959577"
  },
  {
    "link": "https://chat.whatsapp.com/EnZg9Ub61QG4Szd0eUUO7G",
    "id": "120363405860868154@g.us",
    "name": "JB | ALL GAME ROBLOX || BY YASS X FANNY💌 (PROSES)",
    "memberCount": 133,
    "creator": "",
    "sharedBy": "+260082113749006"
  },
  {
    "link": "https://chat.whatsapp.com/KBe5xb6nBC9J4vDxZrA8Rn",
    "id": "120363419799889655@g.us",
    "name": "JB GAG X SAB YASS 🎮 (PROSES) ",
    "memberCount": 97,
    "creator": "",
    "sharedBy": "+260082113749006"
  },
  {
    "link": "https://chat.whatsapp.com/JtVtEYsjx6T5FSwjZ07HTa",
    "id": "120363420631942836@g.us",
    "name": "eÿnæ r͡o̤̮ᨵׁׅׅ𝐦 ⊹˙୨୧",
    "memberCount": 253,
    "creator": "",
    "sharedBy": "+174491787370518"
  },
  {
    "link": "https://chat.whatsapp.com/LcARKidLqRmAg4HTImhPgl",
    "id": "120363176042428653@g.us",
    "name": "Jual Beli Efootball @GERRYEFOOTBALL",
    "memberCount": 152,
    "creator": "",
    "sharedBy": "+252462472659189"
  },
  {
    "link": "https://chat.whatsapp.com/D1NHBZeKKsi8ijBWpPD0Ex",
    "id": "120363417371558649@g.us",
    "name": "𝙅𝘽 𝙁𝘾 𝙈𝙊𝘽𝙄𝙇𝙀 ||| 𝙉𝙀𝙔𝙈𝘼𝙍 𝙎𝙏𝙊𝙍𝙀🔰",
    "memberCount": 75,
    "creator": "",
    "sharedBy": "+244925442560128"
  },
  {
    "link": "https://chat.whatsapp.com/EvhTCGjBFgBEWH0mc5Xece",
    "id": "120363378779027860@g.us",
    "name": "𝐄𝐕𝐎𝐒𝐘𝐍𝐂 𝐀𝐃𝐌𝐈𝐍 𝐄𝐅𝐁¹ 𝟐𝟎𝟐𝟔 🇲🇨",
    "memberCount": 445,
    "creator": "",
    "sharedBy": "+131538289221741"
  },
  {
    "link": "https://chat.whatsapp.com/B6zvQ1PUrOj30Q8TGJAltC",
    "id": "120363418622487237@g.us",
    "name": "THE GRUB TEAM FCM🔥⚽️",
    "memberCount": 172,
    "creator": "",
    "sharedBy": "+244925442560128"
  },
  {
    "link": "https://chat.whatsapp.com/BKtuUGHOA8oH3sR4GAHaMs",
    "id": "120363420539005981@g.us",
    "name": "𝗝𝗯 𝗘𝗳𝗼𝗼𝘁𝗯𝗮𝗹𝗹 𝟮𝟬𝟮𝟲 | 𝗝𝗲𝗲𝗿 𝗦𝘁𝗼𝗿𝗲",
    "memberCount": 15,
    "creator": "",
    "sharedBy": "+131538289221741"
  },
  {
    "link": "https://chat.whatsapp.com/DvpJEvYTM4X8d2jTkfrQPA",
    "id": "120363420580377347@g.us",
    "name": "𝐀𝐋𝐋𝐈𝐀𝐍𝐂𝐄 𝐀𝐃𝐌𝐈𝐍 𝐂𝐄𝐍𝐓𝐑𝐀𝐋 𝐉𝐀𝐕𝐀 🇮🇩",
    "memberCount": 243,
    "creator": "",
    "sharedBy": "+131538289221741"
  },
  {
    "link": "https://chat.whatsapp.com/G3QRvLY5i9v0PTbBWh2hAL",
    "id": "120363343562612248@g.us",
    "name": "MARKET EFB || RAFI X OWN 🇮🇩",
    "memberCount": 705,
    "creator": "",
    "sharedBy": "+131538289221741"
  },
  {
    "link": "https://chat.whatsapp.com/CfEr5mEEU149CQyf25RsoY",
    "id": "120363419122793648@g.us",
    "name": "Grup² jb roblox all map by leon store",
    "memberCount": 222,
    "creator": "",
    "sharedBy": "+270218488205315"
  },
  {
    "link": "https://chat.whatsapp.com/EtNR6mx4lqb6E760N3KI6n",
    "id": "120363334515765964@g.us",
    "name": "JB dika jirla🥷💀",
    "memberCount": 887,
    "creator": "",
    "sharedBy": "+198032922533987"
  },
  {
    "link": "https://chat.whatsapp.com/JrTa9oxPkKa02ym4e3hU03",
    "id": "120363363167639448@g.us",
    "name": "JB DIKA KHUSUS STOK 🥷",
    "memberCount": 580,
    "creator": "",
    "sharedBy": "+198032922533987"
  },
  {
    "link": "https://chat.whatsapp.com/BQR9zYuqtmuAqtFZ3Psq5e",
    "id": "120363402525635839@g.us",
    "name": "JB EFB MALAY | MID SHAH",
    "memberCount": 33,
    "creator": "",
    "sharedBy": "+255898614251724"
  },
  {
    "link": "https://chat.whatsapp.com/B5XrMHvbyszI4mAsHtESoA",
    "id": "120363421260801473@g.us",
    "name": "JB FCM || NDYY MARKET 🎮",
    "memberCount": 251,
    "creator": "",
    "sharedBy": "+209440389214373"
  },
  {
    "link": "https://chat.whatsapp.com/LlTkXbx2M4CJ0hkPeTtpyZ",
    "id": "120363403376576598@g.us",
    "name": "JB | UTAMA VENZ",
    "memberCount": 684,
    "creator": "",
    "sharedBy": "+134802464346127"
  },
  {
    "link": "https://chat.whatsapp.com/DXBGVVTDyRkA85YRIik7I4",
    "id": "120363403649230412@g.us",
    "name": "JB | VENZ #4",
    "memberCount": 44,
    "creator": "",
    "sharedBy": "+134802464346127"
  },
  {
    "link": "https://chat.whatsapp.com/DRR0gOFhGj63aR51a3KJvx",
    "id": "120363404423203455@g.us",
    "name": "JB | VENZ #3",
    "memberCount": 36,
    "creator": "",
    "sharedBy": "+134802464346127"
  },
  {
    "link": "https://chat.whatsapp.com/IWYgDI6W6OsAHOoqfcENM7",
    "id": "120363419902791094@g.us",
    "name": "Market all game #gagxsab",
    "memberCount": 98,
    "creator": "",
    "sharedBy": "+134802464346127"
  },
  {
    "link": "https://chat.whatsapp.com/HAYbNOB2H2PAYox0IVqttO",
    "id": "120363401885971050@g.us",
    "name": "𝗝𝗕¹ 𝗘𝗙𝗙𝗢𝗧𝗕𝗔𝗟𝗟 || BOTAK PES STORE 🇮🇩🇲🇾",
    "memberCount": 363,
    "creator": "",
    "sharedBy": "+124533214339287"
  },
  {
    "link": "https://chat.whatsapp.com/CCQAEayg2UW0B9NEwhNdbf",
    "id": "120363419372233056@g.us",
    "name": "𝗝𝗕² 𝗘𝗙𝗙𝗢𝗧𝗕𝗔𝗟𝗟 || BOTAK PES STORE 🇮🇩🇲🇾",
    "memberCount": 82,
    "creator": "",
    "sharedBy": "+124533214339287"
  },
  {
    "link": "https://chat.whatsapp.com/KUUD8KwCT2B0Cxbxr3X2nm",
    "id": "120363401282354830@g.us",
    "name": "JB GAG/SAB/FISH IT BY BANGKEXD",
    "memberCount": 329,
    "creator": "",
    "sharedBy": "+61663348838427"
  },
  {
    "link": "https://chat.whatsapp.com/IbymJ3DpRQ48eK9gpj1jWG",
    "id": "120363419674974059@g.us",
    "name": "𝙈𝘼𝙍𝙆𝙀𝙏 𝙊𝙍𝘼𝙉𝙂 𝘽𝙐¹ || 𝘿𝙃𝙀𝙈𝙄𝙏𝙎𝙏𝙍 🇲🇾🇲🇨",
    "memberCount": 796,
    "creator": "",
    "sharedBy": "+28493534474488"
  },
  {
    "link": "https://chat.whatsapp.com/C4KnUjOfenM8kFTv9uWpXk",
    "id": "120363045406812351@g.us",
    "name": "𝙈𝘼𝙍𝙆𝙀𝙏 𝙊𝙍𝘼𝙉𝙂 𝘽𝙐² || 𝘿𝙃𝙀𝙈𝙄𝙏𝙎𝙏𝙍 🇲🇨🇲🇾",
    "memberCount": 891,
    "creator": "",
    "sharedBy": "+28493534474488"
  },
  {
    "link": "https://chat.whatsapp.com/I7R8scVo7iMGIOkNsVqVpx",
    "id": "120363421828786360@g.us",
    "name": "𝙈𝘼𝙍𝙆𝙀𝙏 𝙊𝙍𝘼𝙉𝙂 𝘽𝙐³ || DHEMITSTR🇲🇾🇲🇨",
    "memberCount": 409,
    "creator": "",
    "sharedBy": "+28493534474488"
  },
  {
    "link": "https://chat.whatsapp.com/CO9QCpxJ6XsGYMBgjhcKXO",
    "id": "120363328677046554@g.us",
    "name": "𝙈𝘼𝙍𝙆𝙀𝙏¹ 𝙀𝙁𝙊𝙊𝙏𝘽𝘼𝙇 || DAENGSTORE🇲🇨🇲🇾",
    "memberCount": 732,
    "creator": "",
    "sharedBy": "+30757032583188"
  },
  {
    "link": "https://chat.whatsapp.com/IZXYHf3PUcx7Pz4lJJGYiI",
    "id": "120363419007673685@g.us",
    "name": "𝚓𝚋 𝙶𝚊𝚐/𝚂𝚊𝚋 || 𝙹𝚒𝚖𝚖𝚜𝚝𝚘𝚛𝚎",
    "memberCount": 814,
    "creator": "",
    "sharedBy": "+254743737831496"
  },
  {
    "link": "https://chat.whatsapp.com/FJmhu2mkJ735F3sQJQWTyo",
    "id": "120363402394600493@g.us",
    "name": "𝚓𝚋 𝙶𝚊𝚐/𝚂𝚊𝚋² || 𝙹𝚒𝚖𝚖𝚜𝚝𝚘𝚛𝚎",
    "memberCount": 167,
    "creator": "",
    "sharedBy": "+254743737831496"
  },
  {
    "link": "https://chat.whatsapp.com/ITDOEvHD0wIHbPOR9gncjw",
    "id": "120363419669856928@g.us",
    "name": "Jb|| sab & gag by #albi store",
    "memberCount": 50,
    "creator": "",
    "sharedBy": "+75604863008791"
  },
  {
    "link": "https://chat.whatsapp.com/JshaMDlWCXqAXoOVpJsk4n",
    "id": "120363420583426443@g.us",
    "name": "JB ROBLOX ONLY || BY DANJI X OWN🪐",
    "memberCount": 413,
    "creator": "",
    "sharedBy": "+4677890519229"
  },
  {
    "link": "https://chat.whatsapp.com/HtRQhNe01fnLU9CgViM7RQ",
    "id": "120363399429311186@g.us",
    "name": "JB ROBLOX GAG/PVB  || DLL [ VILTRU ]",
    "memberCount": 313,
    "creator": "",
    "sharedBy": "+135923115258067"
  },
  {
    "link": "https://chat.whatsapp.com/JikuJWEqUV8JgpZVZRnD74",
    "id": "120363420590027056@g.us",
    "name": "JB OPBR/ALLGAME | DEVON",
    "memberCount": 439,
    "creator": "",
    "sharedBy": "+135794601795782"
  },
  {
    "link": "https://chat.whatsapp.com/LTXEv9ZTvks2lpWfS5zz6Z",
    "id": "120363404075281257@g.us",
    "name": "(GRUP JOKI SPACEMAN)",
    "memberCount": 109,
    "creator": "",
    "sharedBy": "+173079212859451"
  },
  {
    "link": "https://chat.whatsapp.com/KS1oeveDw728gXc53YYoS0",
    "id": "120363417892415227@g.us",
    "name": "JB ROBLOX || KAISEL",
    "memberCount": 213,
    "creator": "",
    "sharedBy": "+11979251040333"
  },
  {
    "link": "https://chat.whatsapp.com/K7mxvoYlJuuCK3aQZmS89G",
    "id": "120363402474277429@g.us",
    "name": "GRUB MABAR PVB",
    "memberCount": 50,
    "creator": "",
    "sharedBy": "+143585655660748"
  },
  {
    "link": "https://chat.whatsapp.com/HohdC9dZzqlJvM5apVGVI4",
    "id": "120363422668184021@g.us",
    "name": "𝐉𝐁 𝐆𝐀𝐆 𝐒𝐀𝐁¹|| 𝐀𝐋𝐀𝐍𝐌𝐀𝐑𝐊𝐄𝐓𝐓",
    "memberCount": 479,
    "creator": "",
    "sharedBy": "+87175521669294"
  },
  {
    "link": "https://chat.whatsapp.com/JDIm8cu7wahDABzygFZgxh",
    "id": "120363416143824322@g.us",
    "name": "𝐉𝐀𝐒𝐁𝐔𝐆 𝐀𝐒𝐄𝐏𝐏𝐓𝐙𝐘 𝐗 𝐏𝐀𝐑𝐓𝐍𝐄𝐑 #𝟏",
    "memberCount": 953,
    "creator": "",
    "sharedBy": "+177661875908735"
  },
  {
    "link": "https://chat.whatsapp.com/HYK6qhKsKSv56XkAnuKpI7",
    "id": "120363399076641633@g.us",
    "name": "𝐉𝐀𝐒𝐁𝐔𝐆 𝐀𝐒𝐄𝐏𝐏𝐓𝐙𝐘 𝐗 𝐏𝐀𝐑𝐓𝐍𝐄𝐑 #𝟐",
    "memberCount": 809,
    "creator": "",
    "sharedBy": "+177661875908735"
  },
  {
    "link": "https://chat.whatsapp.com/I5E3btLgJg8KednNnKlBur",
    "id": "120363418556437322@g.us",
    "name": "BEBAS SHARE",
    "memberCount": 434,
    "creator": "",
    "sharedBy": "+177661875908735"
  },
  {
    "link": "https://chat.whatsapp.com/HBIsYkR1vfmG8tdT1knX90",
    "id": "120363395122877454@g.us",
    "name": "JB|| efootball X spike Lunzzpestore🇲🇨🇲🇾",
    "memberCount": 227,
    "creator": "",
    "sharedBy": "+85612170367091"
  },
  {
    "link": "https://chat.whatsapp.com/JgdaA0u16UM2TAdYiCY1oJ",
    "id": "120363420548772415@g.us",
    "name": "(1)MARKET BY KINK KAIZI ROBLOX||GAG||BLOX FRUIT||FISH IT||DLL",
    "memberCount": 143,
    "creator": "",
    "sharedBy": "+55599056298213"
  },
  {
    "link": "https://chat.whatsapp.com/D5WSGWiLZsrLMmQ6eySObQ",
    "id": "120363422091372585@g.us",
    "name": "market gag n sab🌿| K1nk yanz🙄⚡",
    "memberCount": 227,
    "creator": "",
    "sharedBy": "+107791532425447"
  },
  {
    "link": "https://chat.whatsapp.com/CsY3DIdIZBU99sC9sAUxBE",
    "id": "120363400891126935@g.us",
    "name": "MARKET JB OPBR/ALLGAME || BY JILZS",
    "memberCount": 293,
    "creator": "",
    "sharedBy": "+36326934089886"
  },
  {
    "link": "https://chat.whatsapp.com/Hni9cdXpS6iChxiITVxZ4T",
    "id": "120363418500496200@g.us",
    "name": "JB 01 ALL GAME || KILUA STORE",
    "memberCount": 753,
    "creator": "",
    "sharedBy": "+6285187998610"
  },
  {
    "link": "https://chat.whatsapp.com/Iq5jvAljTNr21CAViYGZTm",
    "id": "120363423472667166@g.us",
    "name": "JB OPBR/ALL GAME || KYOZU",
    "memberCount": 129,
    "creator": "",
    "sharedBy": "+164691091402937"
  },
  {
    "link": "https://chat.whatsapp.com/JA2PGwESdCQ6fbUrYuRMdo",
    "id": "120363345540093226@g.us",
    "name": "GB¹ APRIZZC STORE✅",
    "memberCount": 617,
    "creator": "",
    "sharedBy": "-"
  },
  {
    "link": "https://chat.whatsapp.com/HnvMts6ZGuzJnQZ3U2tYxH",
    "id": "120363404717444827@g.us",
    "name": "JB| KING REY SABxGAG 1",
    "memberCount": 447,
    "creator": "",
    "sharedBy": "+63101793763486"
  },
  {
    "link": "https://chat.whatsapp.com/Hnu0f8Ndp8TFtyYRdFCp9F",
    "id": "120363419417886623@g.us",
    "name": "GB² APRIZZC STORE",
    "memberCount": 194,
    "creator": "",
    "sharedBy": "+267512658792500"
  },
  {
    "link": "https://chat.whatsapp.com/D5RMy7aLvX68PfHm9OB7z6",
    "id": "120363420337220829@g.us",
    "name": "GB³ APRIZZC STORE🙌",
    "memberCount": 103,
    "creator": "",
    "sharedBy": "-"
  },
  {
    "link": "https://chat.whatsapp.com/Eh7txpD1lV03g3wNMSdGdz",
    "id": "120363297250536325@g.us",
    "name": "JB Efootball BY BangBs Store🇮🇩🇲🇾",
    "memberCount": 331,
    "creator": "",
    "sharedBy": "+213499015868646"
  },
  {
    "link": "https://chat.whatsapp.com/Dej2lw3XCkk3Rei5gDh4GP",
    "id": "120363399048421832@g.us",
    "name": "ALL GAME RAHMAT",
    "memberCount": 635,
    "creator": "",
    "sharedBy": "+138461826789628"
  },
  {
    "link": "https://chat.whatsapp.com/IF1AN01Z5JuED5Y3tGk61t",
    "id": "120363039330608923@g.us",
    "name": "Jb efootball 2 By BangBs Store🇮🇩🇲🇾",
    "memberCount": 18,
    "creator": "",
    "sharedBy": "+213499015868646"
  },
  {
    "link": "https://chat.whatsapp.com/L4NDENnZSeB2TJv3b025Mo",
    "id": "120363403639651582@g.us",
    "name": "JB ALL GAME ROBLOX🇮🇩",
    "memberCount": 409,
    "creator": "",
    "sharedBy": "+57359925784796"
  },
  {
    "link": "https://chat.whatsapp.com/KDdnI4KMyKj0z3BoOofpzk",
    "id": "120363418300854694@g.us",
    "name": "GB JUBEL ALL GAME ROBLOX || BIZZ¹",
    "memberCount": 100,
    "creator": "",
    "sharedBy": "+33007578706146"
  },
  {
    "link": "https://chat.whatsapp.com/GVEWetrODKCC3pBvh1sMPV",
    "id": "120363394866742887@g.us",
    "name": "MARKET FC MOBILE | #ZIZZXFCM¹",
    "memberCount": 819,
    "creator": "",
    "sharedBy": "+72199037833319"
  },
  {
    "link": "https://chat.whatsapp.com/Lq8iwmHPewtEwUwI2O7UMH",
    "id": "120363421339177602@g.us",
    "name": "JB EFOOTBALL¹ | EVUSTORE",
    "memberCount": 1008,
    "creator": "",
    "sharedBy": "+111699952726258"
  },
  {
    "link": "https://chat.whatsapp.com/BDqPuuG9ggGJirfqOElvkX",
    "id": "120363421133549793@g.us",
    "name": "⏤͟͟͞͞BrayenModss | Marketplace",
    "memberCount": 33,
    "creator": "",
    "sharedBy": "+195361519972424"
  },
  {
    "link": "https://chat.whatsapp.com/Kslacv6UsukEDmeJHxNgun",
    "id": "120363421491519088@g.us",
    "name": "Freelance Job WhatsApp (open 50mem, lagi jpm!)",
    "memberCount": 26,
    "creator": "",
    "sharedBy": "+166838642180104"
  },
  {
    "link": "https://chat.whatsapp.com/CmnXWtT3bOq3ddc7afTuTz",
    "id": "120363417978797505@g.us",
    "name": "GB RASZ STORE RESS²😈😈",
    "memberCount": 443,
    "creator": "",
    "sharedBy": "+134828234158116"
  },
  {
    "link": "https://chat.whatsapp.com/L9cmENqzAGDAJpmIR39ql9",
    "id": "120363400722162714@g.us",
    "name": "GC UTAMA RASZ STORE🥶",
    "memberCount": 215,
    "creator": "",
    "sharedBy": "+134828234158116"
  },
  {
    "link": "https://chat.whatsapp.com/L1JKzaYrKy299PGNsnG3QH",
    "id": "120363401570385396@g.us",
    "name": "GC STOK RESS RASZ³",
    "memberCount": 73,
    "creator": "",
    "sharedBy": "+134828234158116"
  },
  {
    "link": "https://chat.whatsapp.com/LyPhdCFzjkH1GGNVS5z8S4",
    "id": "120363419109909952@g.us",
    "name": "GC RESS UNCHEK RASZ⁴",
    "memberCount": 35,
    "creator": "",
    "sharedBy": "+134828234158116"
  },
  {
    "link": "https://chat.whatsapp.com/FWrk71fWAHz41sJa04h873",
    "id": "120363404436386597@g.us",
    "name": "GC STOK RESS RASZ 5",
    "memberCount": 26,
    "creator": "",
    "sharedBy": "+134828234158116"
  },
  {
    "link": "https://chat.whatsapp.com/JW3VTEweDhDJXxzgCmW2TU",
    "id": "120363420412526669@g.us",
    "name": "JB ALL GAME||DULZ STORE 01",
    "memberCount": 8,
    "creator": "",
    "sharedBy": "+134828234158116"
  },
  {
    "link": "https://chat.whatsapp.com/IBxiKedaLgrIrOfE8rVmqf",
    "id": "120363419867881296@g.us",
    "name": "𝗦𝗧𝗢𝗖𝗞 ||𝗣𝗥𝗜𝗕 𝗕𝗬 𝗚𝗔𝗟𝗜𝗛 #𝟭",
    "memberCount": 91,
    "creator": "",
    "sharedBy": "+134828234158116"
  },
  {
    "link": "https://chat.whatsapp.com/I8duMDK3yKh8TNYQ7qSh2g",
    "id": "120363422281527704@g.us",
    "name": "𝗝𝗕 𝗔𝗟𝗟 𝗚𝗔𝗠𝗘 𝗥𝗘𝗣𝗭𝗭𝗦𝗧𝗢𝗥𝗘",
    "memberCount": 267,
    "creator": "",
    "sharedBy": "+134828234158116"
  },
  {
    "link": "https://chat.whatsapp.com/Bu6UuekXHlTFomIqQifRaR",
    "id": "120363402661174474@g.us",
    "name": "WARUNG JPM",
    "memberCount": 139,
    "creator": "",
    "sharedBy": "+134828234158116"
  },
  {
    "link": "https://chat.whatsapp.com/EXQUoZVatnT9vvYTEky6Np",
    "id": "120363421390709970@g.us",
    "name": "ALL STOCK IZST MARKET",
    "memberCount": 156,
    "creator": "",
    "sharedBy": "+134828234158116"
  },
  {
    "link": "https://chat.whatsapp.com/IEu2fNOSWFN5bEUyo6K8eH",
    "id": "120363401789968624@g.us",
    "name": "𝙅𝘽|𝙋𝙡𝙖𝙣𝙩𝙨 𝙑𝙨 𝘽𝙧𝙖𝙞𝙣𝙧𝙤𝙩🌱𝙋𝙏 𝙆𝙀𝙉𝙅𝙄",
    "memberCount": 461,
    "creator": "",
    "sharedBy": "+23747427880979"
  },
  {
    "link": "https://chat.whatsapp.com/HtVg4sLj1SVLp6JRnLM2CF",
    "id": "120363328836134265@g.us",
    "name": "𝗝𝗕 𝗙𝗖𝗠 || 𝗠𝗔𝗡𝗭 𝗦𝗧𝗢𝗥𝗘🎮",
    "memberCount": 396,
    "creator": "",
    "sharedBy": "+170596772147405"
  },
  {
    "link": "https://chat.whatsapp.com/BjNy4MXgSVlFzwjTBMBpCu",
    "id": "120363408466981344@g.us",
    "name": "FCM community",
    "memberCount": 67,
    "creator": "",
    "sharedBy": "+170596772147405"
  },
  {
    "link": "https://chat.whatsapp.com/DyjrXH2GpxcJM3eYs9sLv5",
    "id": "120363421462380491@g.us",
    "name": "JB ALLGAME ALVIN",
    "memberCount": 5,
    "creator": "",
    "sharedBy": "+74810243682324"
  },
  {
    "link": "https://chat.whatsapp.com/CT17rGR2eJcJdi90GSvPMM",
    "id": "120363403466636709@g.us",
    "name": "JB PLANT VS BRAINROT #𝙂𝘼𝙉𝙐",
    "memberCount": 151,
    "creator": "",
    "sharedBy": "+90654109642917"
  },
  {
    "link": "https://chat.whatsapp.com/BPWmzwalYevIp6201eFZm1",
    "id": "120363337877447314@g.us",
    "name": "JB ALL GAME || BUSIRI (1)",
    "memberCount": 272,
    "creator": "",
    "sharedBy": "+6287727848849"
  },
  {
    "link": "https://chat.whatsapp.com/CEcW3torZDB38ijjBAntet",
    "id": "120363409910279253@g.us",
    "name": "JB ALL GAME || BUSIRI (2)",
    "memberCount": 467,
    "creator": "",
    "sharedBy": "+6287727848849"
  },
  {
    "link": "https://chat.whatsapp.com/KYqmF85xxLLHVf8oz1VbWh",
    "id": "120363417365735252@g.us",
    "name": "Market JxLsRzv V2",
    "memberCount": 927,
    "creator": "",
    "sharedBy": "+245999033417852"
  },
  {
    "link": "https://chat.whatsapp.com/FfVbBGpPXZw2YJGuFTEYTu",
    "id": "120363384043643318@g.us",
    "name": "Market JxLsRzv V5",
    "memberCount": 183,
    "creator": "",
    "sharedBy": "+245999033417852"
  },
  {
    "link": "https://chat.whatsapp.com/EWijdlqyKMVKce8bZOoF4S",
    "id": "120363026293251203@g.us",
    "name": "ISIAN eFootball™ || KYY Store ✅✅",
    "memberCount": 104,
    "creator": "",
    "sharedBy": "+250019240251555"
  },
  {
    "link": "https://chat.whatsapp.com/JV8OBJQhSQJIIyopzNksrP",
    "id": "120363342653946925@g.us",
    "name": "Dong`Er MultiDevice - Main Bot Free - Road To 400 Member",
    "memberCount": 123,
    "creator": "",
    "sharedBy": "-"
  },
  {
    "link": "https://chat.whatsapp.com/FhsiX0qtXBWEkC4EPzK0xk",
    "id": "120363399397606076@g.us",
    "name": "Market grow a garden Barzz Stecu 🐸🔥",
    "memberCount": 661,
    "creator": "",
    "sharedBy": "+126715158360301"
  },
  {
    "link": "https://chat.whatsapp.com/HTxd2n0HJ5n5G1iMlhqukG",
    "id": "120363401327812724@g.us",
    "name": "𝙈𝘼𝙍𝙆𝙀𝙏 𝙀𝙁𝘽¹ || 𝙎𝙊𝙐𝙇𝙎 𝙎𝙏𝙍",
    "memberCount": 989,
    "creator": "",
    "sharedBy": "+73032211140641"
  },
  {
    "link": "https://chat.whatsapp.com/JBVLyssfjRx8t5CSJ7wTX7",
    "id": "120363394750605219@g.us",
    "name": "𝙈𝘼𝙍𝙆𝙀𝙏 𝙀𝙁𝙊𝙊𝙏𝘽𝘼𝙇𝙇 | ADMIN COLLABORATION  🎮🇮🇩",
    "memberCount": 139,
    "creator": "",
    "sharedBy": "+73032211140641"
  },
  {
    "link": "https://chat.whatsapp.com/CYw5KqlCJoQ6WILLRhkHkF",
    "id": "120363401107684757@g.us",
    "name": "𝐉𝐁 𝐄𝐅𝐁 || 𝟔 𝐀𝐃𝐌𝐈𝐍 𝐓𝐑𝐔𝐒𝐓𝐄𝐃",
    "memberCount": 125,
    "creator": "",
    "sharedBy": "+73032211140641"
  },
  {
    "link": "https://chat.whatsapp.com/BKuFa2JMw6r8PPRwbrAOPU",
    "id": "120363386557525229@g.us",
    "name": "MARKET ALL GAME || ZREXX STORE",
    "memberCount": 184,
    "creator": "",
    "sharedBy": "+274126958801056"
  },
  {
    "link": "https://chat.whatsapp.com/Cu9cPsxFY3e7Ym2G6czuG4",
    "id": "120363372357993134@g.us",
    "name": "Market All Game Zuxxy Kaneki🌿",
    "memberCount": 700,
    "creator": "",
    "sharedBy": "+162947418558593"
  },
  {
    "link": "https://chat.whatsapp.com/JBZBXmQdi3LCfYS3BMFLbD",
    "id": "120363420479691100@g.us",
    "name": "zuXXy JPM😹",
    "memberCount": 28,
    "creator": "",
    "sharedBy": "+162947418558593"
  },
  {
    "link": "https://chat.whatsapp.com/FNRdisEVjX72ZytY5phGk4",
    "id": "120363412628270274@g.us",
    "name": "MARKET ALL GAME BY NESS STORE",
    "memberCount": 745,
    "creator": "",
    "sharedBy": "+118004780167393"
  },
  {
    "link": "https://chat.whatsapp.com/HTBYJj12WrqKHu5DD3wwF1",
    "id": "120363423495304354@g.us",
    "name": "GRUP JB ALL GAME || SANZ OFC",
    "memberCount": 3,
    "creator": "",
    "sharedBy": "+35305285513256"
  },
  {
    "link": "https://chat.whatsapp.com/Ht2RXQT9E9D7R3sxBzIkEM",
    "id": "120363401922376550@g.us",
    "name": "JB SAB BY PABLO 🕷️",
    "memberCount": 61,
    "creator": "",
    "sharedBy": "+158270182445257"
  },
  {
    "link": "https://chat.whatsapp.com/D2KJ5xJrsofIURYI0DREdi",
    "id": "120363403098621055@g.us",
    "name": "𝐞𝐥𝐥'𝐬 𝐫𝐨𝐨𝐦.♡𓂃 ࣪ ִֶָ",
    "memberCount": 182,
    "creator": "",
    "sharedBy": "+139582578380849"
  },
  {
    "link": "https://chat.whatsapp.com/E3fe2jY4ZNCDGHUWxlof4C",
    "id": "120363419710308626@g.us",
    "name": "Market Myvénn V1 🌿",
    "memberCount": 467,
    "creator": "",
    "sharedBy": "+146557823377488"
  },
  {
    "link": "https://chat.whatsapp.com/Ce4Xdi6Kb3b2GXvPJ6iatG",
    "id": "120363403156018335@g.us",
    "name": "Market Myvénn V2 🌿",
    "memberCount": 324,
    "creator": "",
    "sharedBy": "+146557823377488"
  },
  {
    "link": "https://chat.whatsapp.com/FOLfIOQ9Mlr3WujHphFsEL",
    "id": "120363399369871687@g.us",
    "name": "Market All ROBLOX ||HAMZZ STORE",
    "memberCount": 399,
    "creator": "",
    "sharedBy": "+6285604757410"
  },
  {
    "link": "https://chat.whatsapp.com/BSQzoZ9Bi3qFkz6KnIugpe",
    "id": "120363420097586142@g.us",
    "name": "Market Myvénn V3 🌿",
    "memberCount": 38,
    "creator": "",
    "sharedBy": "+146557823377488"
  },
  {
    "link": "https://chat.whatsapp.com/IcxtFNHVJOuJ2NRlORN5M3",
    "id": "120363401526453907@g.us",
    "name": "WARUNG FUAD JPM PRIBADI 0.3",
    "memberCount": 263,
    "creator": "",
    "sharedBy": "+14105259823281"
  },
  {
    "link": "https://chat.whatsapp.com/E4gtvHPvTIn9HARbcK6sUC",
    "id": "120363371545193489@g.us",
    "name": "𝐌𝐀𝐑𝐊𝐄𝐓² 𝐄𝐅𝐎𝐎𝐓𝐁𝐀𝐋𝐋 || 𝐑𝐀𝐅𝐈 𝐏𝐄𝐒𝐒𝐓𝐎𝐑𝐄🇮🇩",
    "memberCount": 1022,
    "creator": "",
    "sharedBy": "+87450550587605"
  },
  {
    "link": "https://chat.whatsapp.com/JyO9OVufMEFEkNs2Wfa93S",
    "id": "120363400627998121@g.us",
    "name": "WARUNG JPM DERES X OWN 0.2",
    "memberCount": 112,
    "creator": "",
    "sharedBy": "+14105259823281"
  },
  {
    "link": "https://chat.whatsapp.com/IfLAwuh4JN49pSNrEKwMZG",
    "id": "120363387834050775@g.us",
    "name": "𝐌𝐀𝐑𝐊𝐄𝐓³ 𝐄𝐅𝐎𝐎𝐓𝐁𝐀𝐋𝐋 || 𝐑𝐀𝐅𝐈 𝐏𝐄𝐒𝐒𝐓𝐎𝐑𝐄🇮🇩",
    "memberCount": 1005,
    "creator": "",
    "sharedBy": "+87450550587605"
  },
  {
    "link": "https://chat.whatsapp.com/FVJ4jBnRBsi80citmz0rGq",
    "id": "120363419269733377@g.us",
    "name": "JB GROW A GARDEN GILZZLYY #1",
    "memberCount": 339,
    "creator": "",
    "sharedBy": "+14105259823281"
  },
  {
    "link": "https://chat.whatsapp.com/G7sbB7mx41WJ5IAakQ492a",
    "id": "120363400193385729@g.us",
    "name": "𝐌𝐀𝐑𝐊𝐄𝐓⁴ 𝐄𝐅𝐎𝐎𝐓𝐁𝐀𝐋𝐋 || 𝐑𝐀𝐅𝐈 𝐏𝐄𝐒𝐒𝐓𝐎𝐑𝐄🇮🇩",
    "memberCount": 698,
    "creator": "",
    "sharedBy": "+87450550587605"
  },
  {
    "link": "https://chat.whatsapp.com/DDKc2DMDTteIKUBWMirDeu",
    "id": "120363401727773468@g.us",
    "name": "fjb roblok kyy pemula v1",
    "memberCount": 217,
    "creator": "",
    "sharedBy": "+14105259823281"
  },
  {
    "link": "https://chat.whatsapp.com/FGgsieq525eCYyUX87DaJJ",
    "id": "120363418681719406@g.us",
    "name": "MARKET ALL GAME FUAD STORE¹",
    "memberCount": 100,
    "creator": "",
    "sharedBy": "+14105259823281"
  },
  {
    "link": "https://chat.whatsapp.com/ExIS9Q6UUEKJXfoAwroCfy",
    "id": "120363423086077886@g.us",
    "name": "JB KENZ STR || ROBLOX/ALL GAME",
    "memberCount": 36,
    "creator": "",
    "sharedBy": "+14105259823281"
  },
  {
    "link": "https://chat.whatsapp.com/DshqgKaWGC5IE57vEOmcHN",
    "id": "120363402350342227@g.us",
    "name": "DUNIA CUAN || BYY PIWZZ STORE",
    "memberCount": 35,
    "creator": "",
    "sharedBy": "+14105259823281"
  },
  {
    "link": "https://chat.whatsapp.com/KDrKpBOunNYGTvt8xocVUW",
    "id": "120363422204862029@g.us",
    "name": "JB¹ CURI BRAINROT DAN GROW AR GARDEN 😁",
    "memberCount": 142,
    "creator": "",
    "sharedBy": "+89266919075934"
  },
  {
    "link": "https://chat.whatsapp.com/LyPqKE5pJ5r0pUJwLS4Ybe",
    "id": "120363417117716111@g.us",
    "name": "JB G.A.G/S.A.B MILOO STORE🌱🌿",
    "memberCount": 68,
    "creator": "",
    "sharedBy": "+89266919075934"
  },
  {
    "link": "https://chat.whatsapp.com/BlwfvPFpM6eLMYTKgW9aRf",
    "id": "120363420806799491@g.us",
    "name": "JB ALL GAME BY HAMZ😇😇",
    "memberCount": 76,
    "creator": "",
    "sharedBy": "+191821946834981"
  },
  {
    "link": "https://chat.whatsapp.com/FaMhQ80c5I0A7u7CZPrKxq",
    "id": "120363381827657660@g.us",
    "name": "𝐌𝐚𝐫𝐤𝐞𝐭 𝐉𝐮𝐛𝐞𝐥 𝟎.𝟏 || 𝐉𝐮𝐫𝐚𝐠𝐚𝐧 𝐘𝐚𝐧𝐧",
    "memberCount": 260,
    "creator": "",
    "sharedBy": "+93604970250285"
  },
  {
    "link": "https://chat.whatsapp.com/DteZfFc2s855VhSNlw7Vki",
    "id": "120363403383616576@g.us",
    "name": "𝐌𝐚𝐫𝐤𝐞𝐭 𝐉𝐮𝐛𝐞𝐥 𝟎.𝟐 || 𝐉𝐮𝐫𝐚𝐠𝐚𝐧 𝐘𝐚𝐧𝐧",
    "memberCount": 70,
    "creator": "",
    "sharedBy": "+93604970250285"
  },
  {
    "link": "https://chat.whatsapp.com/G0E3t6WgGKCCiYRixF13er",
    "id": "120363422138569831@g.us",
    "name": "𝙅𝘽 𝙁𝘾𝙈 メ 𝙀𝙁𝘽 || 𝘽𝙔 𝘿𝘼𝙉𝙕 𝙎𝙏𝙊𝙍𝙀🇲🇨🇲🇾",
    "memberCount": 139,
    "creator": "",
    "sharedBy": "+140136780136567"
  },
  {
    "link": "https://chat.whatsapp.com/D1vcyb3CI6O289p7AZZUxb",
    "id": "120363352005025084@g.us",
    "name": "𝙈𝘼𝙍𝙆𝙀𝙏 𝘼𝙇𝙇 𝙂𝘼𝙈𝙀¹ || 𝙋𝙧𝙞𝙢𝙖𝙓𝙛𝙘𝙢",
    "memberCount": 276,
    "creator": "",
    "sharedBy": "+90487126020268"
  },
  {
    "link": "https://chat.whatsapp.com/Cb2LPGlR347HHhbjDNM2vC",
    "id": "120363419909873775@g.us",
    "name": "SELECTION TCR 💃🏻",
    "memberCount": 2,
    "creator": "",
    "sharedBy": "+174491787370518"
  },
  {
    "link": "https://chat.whatsapp.com/BsXSgwebyRTAiy2PUBOsyr",
    "id": "120363401344017637@g.us",
    "name": "GB JB OPBR BY EMETH | ALL GAME😈🍆",
    "memberCount": 185,
    "creator": "",
    "sharedBy": "+104767690948766"
  },
  {
    "link": "https://chat.whatsapp.com/JxRW8vOdT6xD6z7FrDFJZ7",
    "id": "120363419857922839@g.us",
    "name": "JB OPBR || EMETH V²",
    "memberCount": 132,
    "creator": "",
    "sharedBy": "+104767690948766"
  },
  {
    "link": "https://chat.whatsapp.com/HdOivmG69OM4tazdTqQJYX",
    "id": "120363405259042920@g.us",
    "name": "MARKET ROBLOX // ZYY¹",
    "memberCount": 788,
    "creator": "",
    "sharedBy": "+185478347276519"
  },
  {
    "link": "https://chat.whatsapp.com/FVwI33YpgOjGey77sykyVV",
    "id": "120363403628216327@g.us",
    "name": "MARKET ROBLOX ALL GAME ZALEH",
    "memberCount": 272,
    "creator": "",
    "sharedBy": "+62895613950909"
  },
  {
    "link": "https://chat.whatsapp.com/L5R0J85EI9M9GldqbKqbnG",
    "id": "120363319764426125@g.us",
    "name": "𝐌𝐀𝐑𝐊𝐄𝐓⁵ 𝐄𝐅𝐎𝐎𝐓𝐁𝐀𝐋𝐋 || 𝐑𝐀𝐅𝐈 𝐏𝐄𝐒𝐒𝐓𝐎𝐑𝐄🇮🇩",
    "memberCount": 769,
    "creator": "",
    "sharedBy": "+87450550587605"
  },
  {
    "link": "https://chat.whatsapp.com/IUDoEpXiEiwEDMy8jdN6go",
    "id": "120363402334785290@g.us",
    "name": "𝐌𝐀𝐑𝐊𝐄𝐓⁶ 𝐄𝐅𝐎𝐎𝐓𝐁𝐀𝐋𝐋 || 𝐑𝐀𝐅𝐈 𝐏𝐄𝐒𝐒𝐓𝐎𝐑𝐄🇮🇩",
    "memberCount": 555,
    "creator": "",
    "sharedBy": "+87450550587605"
  },
  {
    "link": "https://chat.whatsapp.com/LJETy9aaWFpEVyz2UG1EE7",
    "id": "120363402713845158@g.us",
    "name": "JB ROBLOX [ALL MAP]|| BY ARYAA  V1🤑",
    "memberCount": 301,
    "creator": "",
    "sharedBy": "+238080875307093"
  },
  {
    "link": "https://chat.whatsapp.com/Hw6Ne58EuSHFfp74uBw3Vj",
    "id": "120363402787800393@g.us",
    "name": "FJB¹ ROBLOX || 𝙱𝚢 𝙲𝙰𝚉𝚁𝙰𝙰 𝚂𝚃𝙾𝚁𝙴🔱",
    "memberCount": 237,
    "creator": "",
    "sharedBy": "+119959040557104"
  },
  {
    "link": "https://chat.whatsapp.com/CyE7cSDiSuj0KNiClJ73zR",
    "id": "120363401492606346@g.us",
    "name": "Al || Market Roblox × Gag/Sab🍃",
    "memberCount": 294,
    "creator": "",
    "sharedBy": "+179027759378475"
  },
  {
    "link": "https://chat.whatsapp.com/KRuIzLF1P6M6qIKecqHtLM",
    "id": "120363420344109691@g.us",
    "name": "𝗖𝗼𝗹𝗹𝗮𝗯 𝗔𝗱𝗺𝗶𝗻 𝗧𝗿𝘂𝘀𝘁𝗲𝗱 𝟮𝟬𝟮𝟱",
    "memberCount": 69,
    "creator": "",
    "sharedBy": "+6285608474148"
  },
  {
    "link": "https://chat.whatsapp.com/HNYtDZI8GP5KXNJWkCFjUS",
    "id": "120363421789670937@g.us",
    "name": "MARKET GAME ROBLOX | BY DIKAAA STOREE | V¹",
    "memberCount": 113,
    "creator": "",
    "sharedBy": "+8393003638992"
  },
  {
    "link": "https://chat.whatsapp.com/LFx3cYWgTXeI1ULltNpHkX",
    "id": "120363419823154194@g.us",
    "name": "JB² ROBLOX GAG/SAB BY HANN",
    "memberCount": 256,
    "creator": "",
    "sharedBy": "+8393003638992"
  },
  {
    "link": "https://chat.whatsapp.com/Bi61a4LTw6f5oTQEg8DSs7",
    "id": "120363420007333538@g.us",
    "name": "GB ISIAN BY ALVIN X GT",
    "memberCount": 2,
    "creator": "",
    "sharedBy": "+170721242271878"
  },
  {
    "link": "https://chat.whatsapp.com/BW92NSWIyBq0z2NMLdXosN",
    "id": "120363422034456438@g.us",
    "name": "𝙅𝘽¹ 𝙍𝙊𝘽𝙇𝙊𝙓 𝘽𝙔 𝙆𝙚𝙞𝙞.",
    "memberCount": 326,
    "creator": "",
    "sharedBy": "+98836424970432"
  },
  {
    "link": "https://chat.whatsapp.com/FP9Smcg5J7t3pbWE1vRMYS",
    "id": "120363422227767670@g.us",
    "name": "JB ALL GAME ROBLOX",
    "memberCount": 26,
    "creator": "",
    "sharedBy": "+220276642066587"
  },
  {
    "link": "https://chat.whatsapp.com/KBYH7BscvUSEYUSKo0Fge4",
    "id": "120363405150827195@g.us",
    "name": "𝙈𝘼𝙍𝙆𝙀𝙏 𝙀𝙁𝙊𝙊𝙏𝘽𝘼𝙇𝙇¹ || 𝙉𝙀𝙔𝙈𝘼𝙍 𝙋𝙀𝙎𝙎𝙏𝙊𝙍𝙀",
    "memberCount": 1023,
    "creator": "",
    "sharedBy": "+82184819965980"
  },
  {
    "link": "https://chat.whatsapp.com/DBzkWDoqD4ELf5VxdPMIQn",
    "id": "120363357257002129@g.us",
    "name": "𝙈𝘼𝙍𝙆𝙀𝙏 𝙀𝙁𝙊𝙊𝙏𝘽𝘼𝙇𝙇² || 𝙉𝙀𝙔𝙈𝘼𝙍 𝙋𝙀𝙎𝙎𝙏𝙊𝙍𝙀",
    "memberCount": 503,
    "creator": "",
    "sharedBy": "+82184819965980"
  },
  {
    "link": "https://chat.whatsapp.com/C4JCPiIOmkmCG1k6dLp9Jn",
    "id": "120363400915827341@g.us",
    "name": "JIROU MARKET¹",
    "memberCount": 542,
    "creator": "",
    "sharedBy": "+167426985611287"
  },
  {
    "link": "https://chat.whatsapp.com/FgVsVkK4RRUKyqk0f9cfeJ",
    "id": "120363404325725565@g.us",
    "name": "FJB allgame Floryn x jirou",
    "memberCount": 217,
    "creator": "",
    "sharedBy": "+167426985611287"
  },
  {
    "link": "https://chat.whatsapp.com/J0H8QLvWanP06mSkIQXVQc",
    "id": "120363416895120729@g.us",
    "name": "FERY SKYLER STORE EFB 1🎮",
    "memberCount": 691,
    "creator": "",
    "sharedBy": "+126289889472680"
  },
  {
    "link": "https://chat.whatsapp.com/Lxmbv6JFMKr6eeuaBePPID",
    "id": "120363336549580863@g.us",
    "name": "FERY SKYLER STORE EFB 2🎮",
    "memberCount": 416,
    "creator": "",
    "sharedBy": "+126289889472680"
  },
  {
    "link": "https://chat.whatsapp.com/L117S3oqQDt33t6QsHIYRy",
    "id": "120363399693244071@g.us",
    "name": "FERY SKYLER STORE EFB 3🎮",
    "memberCount": 91,
    "creator": "",
    "sharedBy": "+126289889472680"
  },
  {
    "link": "https://chat.whatsapp.com/HqXkqOUJDQZ8nTz0ATJhms",
    "id": "120363401887746644@g.us",
    "name": "STOCK RULL MARKET X PT¹",
    "memberCount": 725,
    "creator": "",
    "sharedBy": "+35167762653315"
  },
  {
    "link": "https://chat.whatsapp.com/FAXSU5eK5QuHDhHawEm8fg",
    "id": "120363420259353774@g.us",
    "name": "STOCK RULL MARKET X OWN³",
    "memberCount": 84,
    "creator": "",
    "sharedBy": "+35167762653315"
  },
  {
    "link": "https://chat.whatsapp.com/KSD4bOH6pnBIsPEimplTDG",
    "id": "120363027611800506@g.us",
    "name": "LANGGANAN ZEKK",
    "memberCount": 27,
    "creator": "",
    "sharedBy": "+35167762653315"
  },
  {
    "link": "https://chat.whatsapp.com/L8XOj6GjMaW0lLsgLszObo",
    "id": "120363421359352645@g.us",
    "name": "market allgame b v1🌏",
    "memberCount": 49,
    "creator": "",
    "sharedBy": "+35167762653315"
  },
  {
    "link": "https://chat.whatsapp.com/Cttg3KuEhlkJkvqHqqE1LN",
    "id": "120363421560857046@g.us",
    "name": "GB STOK UTAMA CIBENK",
    "memberCount": 36,
    "creator": "",
    "sharedBy": "+35167762653315"
  },
  {
    "link": "https://chat.whatsapp.com/ChpfbmL0iIT0PVat4mnEGo",
    "id": "120363404961464213@g.us",
    "name": "GRUB JB SAB - GAG BRESTORE 100% AMANAH",
    "memberCount": 261,
    "creator": "",
    "sharedBy": "+35167762653315"
  },
  {
    "link": "https://chat.whatsapp.com/KerpjuyzHQKLceLMoHYKUb",
    "id": "120363414942588190@g.us",
    "name": "ZAAPUTT X OWN X PT²",
    "memberCount": 217,
    "creator": "",
    "sharedBy": "+35167762653315"
  },
  {
    "link": "https://chat.whatsapp.com/K0V3cZ0wavDKwudPnHtpo8",
    "id": "120363401471069642@g.us",
    "name": "dee store",
    "memberCount": 87,
    "creator": "",
    "sharedBy": "+35167762653315"
  },
  {
    "link": "https://chat.whatsapp.com/DhXSN3tvqfd9gGR3FG2rUA",
    "id": "120363376989661932@g.us",
    "name": "GB FT BY BAYAM¹",
    "memberCount": 108,
    "creator": "",
    "sharedBy": "+35167762653315"
  },
  {
    "link": "https://chat.whatsapp.com/BKcvnB0ggK6EVH507gm9Ya",
    "id": "120363302716850219@g.us",
    "name": "𝗝𝗕¹ 𝗘𝗙𝗢𝗧𝗕𝗔𝗟𝗟 𝗠𝗢𝗕𝗜𝗟𝗘 || 𝗡𝗜𝗖𝗞 𝗦𝗧𝗢𝗥𝗘 🇮🇩🇲🇾",
    "memberCount": 980,
    "creator": "",
    "sharedBy": "+24408819241108"
  },
  {
    "link": "https://chat.whatsapp.com/Id0AT4KRVuG6hYkK8zg431",
    "id": "120363418150350826@g.us",
    "name": "🛒 𝑍𝑎𝑛 𝑥 𝐷𝑖𝑚𝑎𝑠 𝑀𝑎𝑟𝑘𝑒𝑡 💸",
    "memberCount": 147,
    "creator": "",
    "sharedBy": "+35167762653315"
  },
  {
    "link": "https://chat.whatsapp.com/FXJnRV2EOGI6ZuljuGNOHr",
    "id": "120363385565406651@g.us",
    "name": "𝗝𝗕² 𝗘𝗙𝗢𝗧𝗕𝗔𝗟𝗟 𝗠𝗢𝗕𝗜𝗟𝗘 || 𝗡𝗜𝗖𝗞 𝗦𝗧𝗢𝗥𝗘 🇮🇩🇲🇾",
    "memberCount": 491,
    "creator": "",
    "sharedBy": "+24408819241108"
  },
  {
    "link": "https://chat.whatsapp.com/KA0wX054ohZKRkba6fVp3R",
    "id": "120363400084565981@g.us",
    "name": "JB ALL GAME || ZAXTT STORE SULTENG",
    "memberCount": 602,
    "creator": "",
    "sharedBy": "+35167762653315"
  },
  {
    "link": "https://chat.whatsapp.com/HdIttTF6R86Itgijqp8JNA",
    "id": "120363366844206225@g.us",
    "name": "𝗠𝗔𝗥𝗞𝗘𝗧 𝗘𝗙𝗕 𝗥𝗜𝗘𝗟𝗭 × 𝗡𝗜𝗖𝗞",
    "memberCount": 683,
    "creator": "",
    "sharedBy": "+24408819241108"
  },
  {
    "link": "https://chat.whatsapp.com/Drn4Bf5LBX67Qw25LbvSJv",
    "id": "120363418917097197@g.us",
    "name": "Grow A Garden ZeedSTR🌲",
    "memberCount": 518,
    "creator": "",
    "sharedBy": "+35167762653315"
  },
  {
    "link": "https://chat.whatsapp.com/E3FMuexTKHHIRYWwZEGibB",
    "id": "120363403970992732@g.us",
    "name": "✨[FJB] ALL GAME|•| WANN STR✨",
    "memberCount": 346,
    "creator": "",
    "sharedBy": "+24262891012322"
  },
  {
    "link": "https://chat.whatsapp.com/J0LwsSAd6jl7cK7osrzRV0",
    "id": "120363400658849567@g.us",
    "name": "JB² ALL GAME || BY. LEXYN",
    "memberCount": 44,
    "creator": "",
    "sharedBy": "+176893160611866"
  },
  {
    "link": "https://chat.whatsapp.com/EIkDBRcVJA86ojquXlBLw9",
    "id": "120363401038497883@g.us",
    "name": "MARKET²||ROBLOX|(ALL GAME)💫",
    "memberCount": 558,
    "creator": "",
    "sharedBy": "+176893160611866"
  },
  {
    "link": "https://chat.whatsapp.com/BmBsoOfsyHxLWzC9spKcE6",
    "id": "120363401808214090@g.us",
    "name": "[FJB] Sab and Gag Zxen V1👑",
    "memberCount": 408,
    "creator": "",
    "sharedBy": "+176893160611866"
  },
  {
    "link": "https://chat.whatsapp.com/C3ecqUXkO38KNXhY4qJUzL",
    "id": "120363405304743651@g.us",
    "name": "𝐉𝐁 𝐅𝐈𝐒𝐇 𝐈𝐓/𝐒𝐀𝐁/𝐆𝐀𝐆/𝐁𝐅 || 𝐊𝐀𝐌𝐀𝐃𝐎 𝐗 𝐎𝐖𝐍¹",
    "memberCount": 146,
    "creator": "",
    "sharedBy": "+178404955545618"
  },
  {
    "link": "https://chat.whatsapp.com/E7gLjBFwhM94vYLOW5Wkb5",
    "id": "120363421048752331@g.us",
    "name": "PLANT VS BRAIROT INDONESIA¹",
    "memberCount": 140,
    "creator": "",
    "sharedBy": "+60598163341424"
  },
  {
    "link": "https://chat.whatsapp.com/FZY7jIazg7d4c3slsV8B6O",
    "id": "120363420073731668@g.us",
    "name": "⚡Jb⚡  🔥FRECIER YT🔥",
    "memberCount": 20,
    "creator": "",
    "sharedBy": "+167654786642156"
  },
  {
    "link": "https://chat.whatsapp.com/KmtROxxf0jr0YZnbBmSu6J",
    "id": "120363421042752128@g.us",
    "name": "WARUNG JPM || KOTAK MARKET",
    "memberCount": 2,
    "creator": "",
    "sharedBy": "+167654786642156"
  },
  {
    "link": "https://chat.whatsapp.com/IRZPnZC5Oz15CZXt00R5hL",
    "id": "120363373291318633@g.us",
    "name": "Market pinntzy 🍀",
    "memberCount": 728,
    "creator": "",
    "sharedBy": "+272499048747071"
  },
  {
    "link": "https://chat.whatsapp.com/DJHVN5BoreS5ZJwYhkpwgJ",
    "id": "120363275717182768@g.us",
    "name": "Jb pinntzy 1",
    "memberCount": 574,
    "creator": "",
    "sharedBy": "+272499048747071"
  },
  {
    "link": "https://chat.whatsapp.com/FAmiyPPYdMEL4ShMQhbDm1",
    "id": "120363401638261337@g.us",
    "name": "JB ALGAME DIONG STOR",
    "memberCount": 34,
    "creator": "",
    "sharedBy": "+133977511882953"
  },
  {
    "link": "https://chat.whatsapp.com/IAMzNnDKoTp72rERCfRnTZ",
    "id": "120363402582836585@g.us",
    "name": "𝙅𝘽/𝙏𝙍𝘿 𝙂𝘼𝙂 𝘼𝙉𝘿 𝙎𝘼𝘽 || 𝘽𝙔 𝘼𝙇𝙇𝙕",
    "memberCount": 438,
    "creator": "",
    "sharedBy": "+125044265111770"
  },
  {
    "link": "https://chat.whatsapp.com/JBo453asfIIHVxMGmEJbEC",
    "id": "120363403956201215@g.us",
    "name": "Jb Plant Vs Brainrots🦈",
    "memberCount": 169,
    "creator": "",
    "sharedBy": "+27587262820601"
  },
  {
    "link": "https://chat.whatsapp.com/CrdfgfKCgsvAniTTBvDYAL",
    "id": "120363421054396234@g.us",
    "name": "[FJB] ALL GAME ROBLOX NANZ X RAFZ",
    "memberCount": 88,
    "creator": "",
    "sharedBy": "+205725326414065"
  },
  {
    "link": "https://chat.whatsapp.com/IPteUuROXB2ACLA59hDP1b",
    "id": "120363421665278976@g.us",
    "name": "MARKET GROW A GARDEN DONZ✅",
    "memberCount": 525,
    "creator": "",
    "sharedBy": "+3780309434593"
  },
  {
    "link": "https://chat.whatsapp.com/EYsjOBJyqg1KxxuBwxX5oX",
    "id": "120363403634319181@g.us",
    "name": "JB PVB/STEAL A BRAINROT (V2)🍒",
    "memberCount": 7,
    "creator": "",
    "sharedBy": "+88420542062722"
  },
  {
    "link": "https://chat.whatsapp.com/Imf1YVDb9lv0U8zW7J51MV",
    "id": "120363419508125014@g.us",
    "name": "Jb game gag/dll PRANZZ",
    "memberCount": 453,
    "creator": "",
    "sharedBy": "+74810243682324"
  },
  {
    "link": "https://chat.whatsapp.com/Isf5nsQPoIvEznW3vc4tn2",
    "id": "120363422558183776@g.us",
    "name": "[1] JB HARU SHOP || ALL GAME🎮✨",
    "memberCount": 8,
    "creator": "",
    "sharedBy": "+20487698653439"
  },
  {
    "link": "https://chat.whatsapp.com/JbxkOMn4wC36ef44ZIrAks",
    "id": "120363406133266729@g.us",
    "name": "GB¹|| MABAR PARA TAMU GAG/SAB🔥",
    "memberCount": 41,
    "creator": "",
    "sharedBy": "+258381122158615"
  },
  {
    "link": "https://chat.whatsapp.com/Erb7bXI86O6DfXQX0FMcyE",
    "id": "120363024474565794@g.us",
    "name": "ㅤ ⸙‌⃘۪۪੭ ㅤ' ㅤ𝐖𝐎  ㅤ〆  ㅤ𝐋umiere 𝐎rganizer  ㅤ｡˚༷",
    "memberCount": 669,
    "creator": "",
    "sharedBy": "+117055407825053"
  },
  {
    "link": "https://chat.whatsapp.com/K4M8xQlrFPs9qK3RjfHpOu",
    "id": "120363420620595092@g.us",
    "name": "𝙈𝘼𝙍𝙆𝙀𝙏 𝙀𝙁𝘽 || 𝘾𝙋𝙇𝙄𝙕𝙎•𝙎𝙏𝙊𝙍𝙀",
    "memberCount": 181,
    "creator": "",
    "sharedBy": "+76390942691487"
  },
  {
    "link": "https://chat.whatsapp.com/GGf4W0zncdH9pur0zkrmRy",
    "id": "120363402870897205@g.us",
    "name": "JB ALL GAME ROBLOX || Zyroo¹ 👻",
    "memberCount": 482,
    "creator": "",
    "sharedBy": "+254851179139215"
  },
  {
    "link": "https://chat.whatsapp.com/BVmEBN3Qw7g4HN862tHPth",
    "id": "120363419901657670@g.us",
    "name": "GB REY X YANZZ ALLGAME X RAFZ",
    "memberCount": 232,
    "creator": "",
    "sharedBy": "+106202310647882"
  },
  {
    "link": "https://chat.whatsapp.com/IUkLLBLfXkU1cW0cck2lEq",
    "id": "120363419688241994@g.us",
    "name": "𝙈𝘼𝙍𝙆𝙀𝙏¹ 𝙀𝙁𝙊𝙊𝙏𝘽𝘼𝙇𝙇 | 𝙒𝘼𝙉𝙉 🇮🇩🇺🇸",
    "memberCount": 161,
    "creator": "",
    "sharedBy": "+141914913431710"
  },
  {
    "link": "https://chat.whatsapp.com/LuDRYML5NN7EFCJ93uLEjC",
    "id": "120363419567455662@g.us",
    "name": "Market¹ Allgame Landz || 🍃",
    "memberCount": 489,
    "creator": "",
    "sharedBy": "+238080875307093"
  },
  {
    "link": "https://chat.whatsapp.com/J3Fs73fib9QDqeFeaBQ6PU",
    "id": "120363328120954813@g.us",
    "name": "Market² AllGame Landz || 🍃",
    "memberCount": 525,
    "creator": "",
    "sharedBy": "+238080875307093"
  },
  {
    "link": "https://chat.whatsapp.com/HPC5gzZywYoHHp7SyXtjoE",
    "id": "120363404252086614@g.us",
    "name": "𝙄𝙉𝙁𝙊 𝙎𝙏𝙊𝘾𝙆 𝙍𝙀𝙕𝙓 𝙓 𝙔𝙀𝙉",
    "memberCount": 9,
    "creator": "",
    "sharedBy": "+123369194291372"
  },
  {
    "link": "https://chat.whatsapp.com/ExNkIuvkXFu0KS8btCsl59",
    "id": "120363421369130000@g.us",
    "name": "FJB|| GAG-SAB BY JEPP🐛😋",
    "memberCount": 372,
    "creator": "",
    "sharedBy": "+114332583071876"
  },
  {
    "link": "https://chat.whatsapp.com/BDP4SUbWX7S97WTxLrMmlg",
    "id": "120363421709343434@g.us",
    "name": "JB SAB / GAG SENZYSTORE X OWN #1",
    "memberCount": 123,
    "creator": "",
    "sharedBy": "-"
  },
  {
    "link": "https://chat.whatsapp.com/Ib8N2THWWj56PsrE1WD1p6",
    "id": "120363419887238303@g.us",
    "name": "JB/MABAR GROW A GARDEN🍒 (V1)",
    "memberCount": 289,
    "creator": "",
    "sharedBy": "+88420542062722"
  },
  {
    "link": "https://chat.whatsapp.com/Bv2aenolYBHHiYg1s2UYAu",
    "id": "120363400910093032@g.us",
    "name": "𝙂𝘽 | 𝘼𝙇𝙇 𝙂𝘼𝙈𝙀 𝘽𝙔 𝘿𝙇𝘼𝙉𝙕 ¹🇮🇩",
    "memberCount": 352,
    "creator": "",
    "sharedBy": "-"
  },
  {
    "link": "https://chat.whatsapp.com/LxmgcYozoL3AtFJ1GGeBkU",
    "id": "120363403082478869@g.us",
    "name": "JB¹ | ALL GAME BY Malzzz🚀🎮",
    "memberCount": 45,
    "creator": "",
    "sharedBy": "-"
  },
  {
    "link": "https://chat.whatsapp.com/BZc4tPU34r5KXS8Xh9zkPk",
    "id": "120363324417424100@g.us",
    "name": "JPM BY STAR (OPEN)",
    "memberCount": 30,
    "creator": "",
    "sharedBy": "+88420542062722"
  },
  {
    "link": "https://chat.whatsapp.com/KihqoYvLT61G262kFZOIQf",
    "id": "120363378548504317@g.us",
    "name": "MARKET¹ || ROBLOX ALL GAME •|• LUXSTORE",
    "memberCount": 167,
    "creator": "",
    "sharedBy": "-"
  },
  {
    "link": "https://chat.whatsapp.com/J948mzvXqg17VGB7gQTvJT",
    "id": "120363400666428763@g.us",
    "name": "INFO STOK/ECER EFB 🐬",
    "memberCount": 640,
    "creator": "",
    "sharedBy": "+7662943088809"
  },
  {
    "link": "https://chat.whatsapp.com/I5grC782M7X5g0S8ERloVq",
    "id": "6287710358587-1628587225@g.us",
    "name": "INFO STOK/ECER EFB² 🇮🇩🇲🇾",
    "memberCount": 261,
    "creator": "",
    "sharedBy": "+7662943088809"
  },
  {
    "link": "https://chat.whatsapp.com/EXHMwWzhMRHE31v9sqWvbV",
    "id": "120363420680179581@g.us",
    "name": "@JB Lynxx | AL GAME",
    "memberCount": 19,
    "creator": "",
    "sharedBy": "+229472133476355"
  },
  {
    "link": "https://chat.whatsapp.com/GOmcTx5kL50GWOYenk9aDC",
    "id": "120363421233393721@g.us",
    "name": "Jb store Q_aja",
    "memberCount": 58,
    "creator": "",
    "sharedBy": "+93003255386249"
  },
  {
    "link": "https://chat.whatsapp.com/HgMybcQHVZN9hfFe0Q5xG2",
    "id": "120363405114848746@g.us",
    "name": "MARKET ALL GAME BY YANZZSTORE V¹🌱",
    "memberCount": 300,
    "creator": "",
    "sharedBy": "+14036037017770"
  },
  {
    "link": "https://chat.whatsapp.com/F0hTh89ksp0K5iSBIZmaCb",
    "id": "120363401822906442@g.us",
    "name": "MARKET EFOOTBALL || JIZZSKIBID_STORE",
    "memberCount": 25,
    "creator": "",
    "sharedBy": "+6285171680183"
  },
  {
    "link": "https://chat.whatsapp.com/GFlNXpxLaWD2Zjq6tFnbpj",
    "id": "120363419409249328@g.us",
    "name": "JB ROBLOX // RAYAN X FAYY",
    "memberCount": 140,
    "creator": "",
    "sharedBy": "+152072527867925"
  }
]